kernel_size,point_id,matched_x,matched_y
11,1,4985,11092
11,2,1199,6616
11,3,3090,3565
11,4,3379,6298
11,5,4107,1288
11,6,423,9773
21,1,5058,10911
21,2,1291,6629
21,3,3076,3534
21,4,3552,6204
21,5,4101,1215
21,6,562,9734
31,1,0,0
31,2,1291,6629
31,3,3076,3534
31,4,3552,6205
31,5,4105,1218
31,6,562,9734
41,1,0,0
41,2,1290,6629
41,3,3072,3538
41,4,3547,6225
41,5,4110,1222
41,6,560,9733
51,1,0,0
51,2,1294,6702
51,3,3146,3492
51,4,3388,6212
51,5,4115,1224
51,6,556,9728
61,1,0,0
61,2,1294,6702
61,3,3144,3494
61,4,3387,6216
61,5,4114,1230
61,6,520,9762
71,1,0,0
71,2,1291,6629
71,3,3141,3498
71,4,0,0
71,5,4117,1231
71,6,519,9759
81,1,0,0
81,2,1293,6703
81,3,3121,3512
81,4,0,0
81,5,4115,1233
81,6,446,9636
